Tiempo (s) Experimento 1000 al inicio,Fuerza (N) Experimento 1000 al inicio,Tiempo (s) EXP 1 - 1050,Fuerza (N) EXP 1 - 1050,Tiempo (s) EXP 2 - 1050,Fuerza (N) EXP 2 - 1050,Tiempo (s) EXP 1- 1100,Fuerza (N) EXP 1- 1100,Tiempo (s) EXP 2 - 1100,Fuerza (N) EXP 2 - 1100,Tiempo (s) EXP 1- 1150,Fuerza (N) EXP 1- 1150,Tiempo (s) EXP 2 - 1150,Fuerza (N) EXP 2 - 1150,Tiempo (s) EXP 1- 1200,Fuerza (N) EXP 1- 1200,Tiempo (s) EXP 2 - 1200,Fuerza (N) EXP 2 - 1200,Tiempo (s) EXP 1- 1250,Fuerza (N) EXP 1- 1250,Tiempo (s) EXP 2 - 1250,Fuerza (N) EXP 2 - 1250,Tiempo (s) EXP 1- 1300,Fuerza (N) EXP 1- 1300,Tiempo (s) EXP 2 - 1300,Fuerza (N) EXP 2 - 1300,Tiempo (s) EXP 1- 1350,Fuerza (N) EXP 1- 1350,Tiempo (s) EXP 2 - 1350,Fuerza (N) EXP 2 - 1350,Tiempo (s) EXP 1- 1400,Fuerza (N) EXP 1- 1400,Tiempo (s) EXP 2 - 1400,Fuerza (N) EXP 2 - 1400,Tiempo (s) EXP 1- 1450,Fuerza (N) EXP 1- 1450,Tiempo (s) EXP 2 - 1450,Fuerza (N) EXP 2 - 1450,Tiempo (s) EXP 1- 1500,Fuerza (N) EXP 1- 1500,Tiempo (s) EXP 2 - 1500,Fuerza (N) EXP 2 - 1500,Tiempo (s) EXP 1- 1550,Fuerza (N) EXP 1- 1550,Tiempo (s) EXP 2 - 1550,Fuerza (N) EXP 2 - 1550,Tiempo (s) EXP 1- 1600,Fuerza (N) EXP 1- 1600,Tiempo (s) EXP 2 - 1600,Fuerza (N) EXP 2 - 1600,Tiempo (s) EXP 1- 1650,Fuerza (N) EXP 1- 1650,Tiempo (s) EXP 2 - 1650,Fuerza (N) EXP 2 - 1650,Tiempo (s) EXP 1- 1700,Fuerza (N) EXP 1- 1700,Tiempo (s) EXP 2 - 1700,Fuerza (N) EXP 2 - 1700,Tiempo (s) EXP 1- 1750,Fuerza (N) EXP 1- 1750,Tiempo (s) EXP 2 - 1750,Fuerza (N) EXP 2 - 1750,Tiempo (s) EXP 1- 1800,Fuerza (N) EXP 1- 1800,Tiempo (s) EXP 2 - 1800,Fuerza (N) EXP 2 - 1800,Tiempo (s) EXP 1- 1850,Fuerza (N) EXP 1- 1850,Tiempo (s) EXP 2 - 1850,Fuerza (N) EXP 2 - 1850,Tiempo (s) EXP 1- 1900,Fuerza (N) EXP 1- 1900,Tiempo (s) EXP 2 - 1900,Fuerza (N) EXP 2 - 1900,Tiempo (s) EXP 1- 1950,Fuerza (N) EXP 1- 1950,Tiempo (s) EXP 2 - 1950,Fuerza (N) EXP 2 - 1950,Tiempo (s) EXP 1- 2000,Fuerza (N) EXP 1- 2000,Tiempo (s) EXP 2 - 2000,Fuerza (N) EXP 2 - 2000,Tiempo (s) Experimento 1000 al final,Fuerza (N) Experimento 1000 al final
"0,000","0,004","0,000","-0,036","0,000","-0,014","0,000","-0,007","0,000","0,036","0,000","0,005","0,000","-0,002","0,000","-0,029","0,000","-0,013","0,000","-0,011","0,000","-0,021","0,000","-4,302E-16","0,000","-0,004","0,000","-0,030","0,000","-0,004","0,000","-0,014","0,000","-0,007","0,000","-0,007","0,000","-0,014","0,000","-0,025","0,000","-0,066","0,000","-0,055","0,000","-0,011","0,000","-0,013","0,000","-0,002","0,000","-0,014","0,000","0,011","0,000","-0,021","0,000","0,034","0,000","0,005","0,000","0,005","0,000","0,009","0,000","0,025","0,000","-0,030","0,000","0,034","0,000","-0,005","0,000","0,046","0,000","0,021","0,000","0,064","0,000","0,020","0,000","0,043","0,000","0,055"
"0,050","-4,302E-16","0,050","0,020","0,050","-0,005","0,050","0,004","0,050","-0,013","0,050","-0,004","0,050","-0,016","0,050","0,013","0,050","-0,007","0,050","-0,002","0,050","0,002","0,050","-0,018","0,050","-0,005","0,050","-0,014","0,050","-0,007","0,050","-0,007","0,050","-4,302E-16","0,050","-0,016","0,050","-0,021","0,050","-0,009","0,050","0,007","0,050","0,011","0,050","-4,302E-16","0,050","-0,013","0,050","-0,016","0,050","0,002","0,050","-0,020","0,050","-0,018","0,050","-0,013","0,050","-0,004","0,050","-0,002","0,050","0,005","0,050","0,005","0,050","0,021","0,050","0,007","0,050","0,009","0,050","0,025","0,050","0,005","0,050","0,048","0,050","0,061","0,050","0,050","0,050","0,048"
"0,100","-0,002","0,100","-0,023","0,100","0,005","0,100","0,005","0,100","0,004","0,100","-0,007","0,100","0,011","0,100","-0,011","0,100","-0,002","0,100","-0,014","0,100","-0,007","0,100","-0,007","0,100","-0,007","0,100","-0,005","0,100","-0,005","0,100","-0,004","0,100","-0,016","0,100","-0,009","0,100","-4,302E-16","0,100","-0,016","0,100","-0,013","0,100","-0,016","0,100","-0,025","0,100","-0,004","0,100","-0,009","0,100","-0,004","0,100","0,002","0,100","-0,009","0,100","-0,002","0,100","-4,302E-16","0,100","0,002","0,100","0,004","0,100","-0,005","0,100","0,004","0,100","0,005","0,100","0,004","0,100","0,018","0,100","0,027","0,100","0,045","0,100","0,050","0,100","0,070","0,100","0,043"
"0,150","0,002","0,150","-0,013","0,150","-4,302E-16","0,150","-0,004","0,150","-0,004","0,150","0,002","0,150","-4,302E-16","0,150","-0,004","0,150","-0,007","0,150","0,005","0,150","-0,018","0,150","0,005","0,150","-0,014","0,150","-0,013","0,150","-4,302E-16","0,150","-0,004","0,150","-0,018","0,150","0,007","0,150","0,002","0,150","-0,009","0,150","-0,018","0,150","-0,016","0,150","-0,011","0,150","-0,007","0,150","-0,007","0,150","-0,016","0,150","-0,004","0,150","-0,004","0,150","-4,302E-16","0,150","0,009","0,150","0,002","0,150","-0,002","0,150","0,007","0,150","-0,005","0,150","0,011","0,150","0,014","0,150","0,036","0,150","0,034","0,150","0,048","0,150","0,032","0,150","0,048","0,150","0,048"
"0,200","0,004","0,200","0,005","0,200","-0,005","0,200","-0,009","0,200","-0,004","0,200","-0,005","0,200","0,004","0,200","-0,004","0,200","-0,004","0,200","-0,005","0,200","0,004","0,200","-0,013","0,200","-0,009","0,200","-0,011","0,200","-0,013","0,200","-0,011","0,200","-0,011","0,200","-0,029","0,200","-0,009","0,200","-0,002","0,200","-0,004","0,200","0,002","0,200","-0,002","0,200","-0,007","0,200","-0,009","0,200","-0,009","0,200","-0,018","0,200","-0,005","0,200","0,002","0,200","-0,002","0,200","0,004","0,200","0,002","0,200","0,014","0,200","0,014","0,200","0,014","0,200","0,013","0,200","0,007","0,200","0,013","0,200","0,036","0,200","0,039","0,200","0,025","0,200","0,063"
"0,250","-0,004","0,250","-0,007","0,250","0,002","0,250","0,014","0,250","0,004","0,250","-0,007","0,250","-0,013","0,250","-0,014","0,250","-0,004","0,250","-0,011","0,250","-0,004","0,250","-0,011","0,250","-0,013","0,250","-0,018","0,250","-0,016","0,250","-0,018","0,250","-0,011","0,250","-0,009","0,250","-0,007","0,250","-0,016","0,250","0,002","0,250","-0,007","0,250","-0,007","0,250","-0,007","0,250","-0,011","0,250","-0,002","0,250","-0,002","0,250","-0,013","0,250","-0,009","0,250","-0,009","0,250","0,004","0,250","0,013","0,250","0,002","0,250","0,016","0,250","0,007","0,250","0,007","0,250","0,018","0,250","0,009","0,250","0,050","0,250","0,050","0,250","0,052","0,250","0,048"
"0,300","-0,002","0,300","-0,002","0,300","0,009","0,300","0,016","0,300","-0,002","0,300","0,005","0,300","-0,005","0,300","0,005","0,300","-0,009","0,300","-0,002","0,300","-0,014","0,300","-0,004","0,300","-0,007","0,300","-0,011","0,300","-0,005","0,300","-0,004","0,300","-0,009","0,300","0,004","0,300","-0,013","0,300","-0,005","0,300","-0,009","0,300","-0,011","0,300","-0,011","0,300","-0,005","0,300","-0,011","0,300","-0,011","0,300","0,007","0,300","-0,011","0,300","-0,005","0,300","0,009","0,300","0,005","0,300","0,004","0,300","-0,002","0,300","-0,002","0,300","0,004","0,300","0,002","0,300","0,023","0,300","0,021","0,300","0,043","0,300","0,054","0,300","0,075","0,300","0,059"
"0,350","-0,002","0,350","0,002","0,350","-0,002","0,350","-0,018","0,350","-0,004","0,350","-0,005","0,350","-0,002","0,350","-0,007","0,350","-0,005","0,350","-0,007","0,350","-0,005","0,350","-0,011","0,350","-0,002","0,350","-0,013","0,350","-0,007","0,350","-0,004","0,350","-0,018","0,350","-0,016","0,350","-0,009","0,350","-0,009","0,350","-0,013","0,350","-0,005","0,350","-0,007","0,350","-0,007","0,350","-0,011","0,350","-0,016","0,350","-0,018","0,350","-0,004","0,350","-4,302E-16","0,350","0,004","0,350","0,002","0,350","0,002","0,350","0,009","0,350","0,002","0,350","0,016","0,350","0,027","0,350","0,016","0,350","0,038","0,350","0,039","0,350","0,038","0,350","0,041","0,350","0,050"
"0,400","0,004","0,400","0,002","0,400","-0,011","0,400","-0,002","0,400","0,002","0,400","-0,011","0,400","-0,007","0,400","-0,018","0,400","-0,007","0,400","-0,005","0,400","-0,005","0,400","-0,011","0,400","-0,021","0,400","-0,020","0,400","-0,007","0,400","-0,013","0,400","-0,009","0,400","-0,014","0,400","-0,007","0,400","-0,013","0,400","-0,004","0,400","-0,007","0,400","-0,004","0,400","-0,007","0,400","-0,007","0,400","-0,002","0,400","-0,007","0,400","-0,005","0,400","0,007","0,400","-0,009","0,400","-0,002","0,400","0,009","0,400","0,011","0,400","0,014","0,400","0,013","0,400","0,029","0,400","0,018","0,400","0,014","0,400","0,045","0,400","0,032","0,400","0,038","0,400","0,054"
"0,450","0,005","0,450","0,005","0,450","0,007","0,450","0,004","0,450","-0,002","0,450","0,002","0,450","-0,011","0,450","0,005","0,450","-0,005","0,450","0,002","0,450","-0,009","0,450","-0,009","0,450","-0,014","0,450","-0,005","0,450","-0,011","0,450","-0,013","0,450","-0,004","0,450","-0,002","0,450","-0,009","0,450","-0,009","0,450","-0,007","0,450","-0,004","0,450","-0,007","0,450","-0,004","0,450","-0,013","0,450","-0,007","0,450","0,002","0,450","-0,013","0,450","-0,011","0,450","0,005","0,450","0,004","0,450","0,011","0,450","0,009","0,450","0,005","0,450","0,005","0,450","0,011","0,450","0,016","0,450","0,014","0,450","0,048","0,450","0,063","0,450","0,063","0,450","0,048"
"0,500","0,002","0,500","-0,007","0,500","0,004","0,500","-0,007","0,500","-0,007","0,500","-0,004","0,500","-0,013","0,500","-0,004","0,500","-0,002","0,500","-0,014","0,500","-0,004","0,500","-0,004","0,500","-4,302E-16","0,500","-0,014","0,500","-0,013","0,500","-0,013","0,500","-0,009","0,500","-0,004","0,500","-0,013","0,500","-0,007","0,500","-0,009","0,500","-0,002","0,500","-0,005","0,500","-0,007","0,500","-0,014","0,500","-0,014","0,500","-0,004","0,500","-0,011","0,500","-0,007","0,500","0,002","0,500","0,005","0,500","0,002","0,500","-0,002","0,500","0,007","0,500","0,011","0,500","0,016","0,500","0,016","0,500","0,011","0,500","0,057","0,500","0,054","0,500","0,050","0,500","0,052"
"0,550","0,002","0,550","-0,002","0,550","-0,002","0,550","-4,302E-16","0,550","-0,005","0,550","-0,009","0,550","-4,302E-16","0,550","-0,013","0,550","-0,016","0,550","-0,002","0,550","-0,011","0,550","-0,004","0,550","0,002","0,550","-0,011","0,550","-0,009","0,550","-0,009","0,550","-0,016","0,550","-0,014","0,550","-0,007","0,550","-0,004","0,550","-0,005","0,550","-0,021","0,550","-0,009","0,550","-0,007","0,550","-0,011","0,550","-0,005","0,550","-0,023","0,550","-4,302E-16","0,550","0,014","0,550","0,002","0,550","-0,002","0,550","0,005","0,550","0,005","0,550","0,005","0,550","0,009","0,550","0,011","0,550","0,027","0,550","0,027","0,550","0,041","0,550","0,021","0,550","0,030","0,550","0,050"
"0,600","0,009","0,600","0,020","0,600","-0,002","0,600","0,009","0,600","-0,002","0,600","-0,009","0,600","-0,009","0,600","-0,007","0,600","-0,004","0,600","-0,002","0,600","-0,002","0,600","-0,009","0,600","-0,032","0,600","-0,013","0,600","-0,007","0,600","-0,011","0,600","-0,011","0,600","0,002","0,600","-0,009","0,600","-0,004","0,600","-0,007","0,600","-0,004","0,600","-0,013","0,600","-0,007","0,600","-0,009","0,600","-4,302E-16","0,600","-0,009","0,600","-0,005","0,600","0,005","0,600","-0,004","0,600","-0,004","0,600","0,002","0,600","0,013","0,600","0,007","0,600","0,013","0,600","0,011","0,600","0,014","0,600","0,016","0,600","0,036","0,600","0,039","0,600","0,050","0,600","0,048"
"0,650","-0,004","0,650","-0,011","0,650","-0,002","0,650","-0,011","0,650","0,002","0,650","0,005","0,650","-0,005","0,650","-0,002","0,650","0,002","0,650","-0,020","0,650","-0,009","0,650","-0,013","0,650","-4,302E-16","0,650","-0,014","0,650","-0,007","0,650","-4,302E-16","0,650","-0,005","0,650","-0,009","0,650","-0,016","0,650","-0,020","0,650","-0,004","0,650","-0,002","0,650","-0,007","0,650","-0,011","0,650","-0,007","0,650","-0,013","0,650","0,011","0,650","-0,009","0,650","-0,002","0,650","-0,004","0,650","0,007","0,650","0,007","0,650","0,002","0,650","0,013","0,650","0,007","0,650","0,011","0,650","0,005","0,650","0,020","0,650","0,039","0,650","0,064","0,650","0,059","0,650","0,052"
"0,700","-0,009","0,700","-0,004","0,700","-0,002","0,700","0,002","0,700","-4,302E-16","0,700","-0,009","0,700","0,009","0,700","-0,016","0,700","-0,011","0,700","-0,004","0,700","-0,011","0,700","-4,302E-16","0,700","0,007","0,700","-0,011","0,700","-0,018","0,700","-0,014","0,700","-0,016","0,700","-0,013","0,700","-0,009","0,700","-0,004","0,700","-0,014","0,700","-0,020","0,700","-0,004","0,700","-0,002","0,700","-0,007","0,700","-0,023","0,700","0,002","0,700","0,005","0,700","-0,005","0,700","0,002","0,700","0,005","0,700","0,014","0,700","0,002","0,700","0,009","0,700","0,013","0,700","0,011","0,700","0,025","0,700","0,018","0,700","0,045","0,700","0,048","0,700","0,041","0,700","0,054"
"0,750","0,013","0,750","0,016","0,750","-0,002","0,750","-0,009","0,750","-0,007","0,750","-0,007","0,750","0,011","0,750","-4,302E-16","0,750","-0,004","0,750","0,002","0,750","-0,009","0,750","-0,007","0,750","-0,014","0,750","-0,014","0,750","-4,302E-16","0,750","-0,016","0,750","-0,009","0,750","0,002","0,750","-0,011","0,750","0,020","0,750","-0,005","0,750","-0,004","0,750","-0,004","0,750","-0,009","0,750","-0,009","0,750","0,004","0,750","-0,025","0,750","-0,007","0,750","0,002","0,750","0,002","0,750","-0,004","0,750","-4,302E-16","0,750","0,005","0,750","-0,004","0,750","0,011","0,750","0,013","0,750","0,023","0,750","0,016","0,750","0,043","0,750","0,023","0,750","0,046","0,750","0,046"
"0,800","0,004","0,800","-0,011","0,800","-0,004","0,800","-0,002","0,800","0,002","0,800","-0,004","0,800","-0,002","0,800","-4,302E-16","0,800","-0,004","0,800","-0,018","0,800","-0,004","0,800","-0,014","0,800","-0,011","0,800","-0,016","0,800","-0,011","0,800","0,002","0,800","-0,013","0,800","-0,021","0,800","-0,007","0,800","-0,011","0,800","-0,004","0,800","-0,009","0,800","-0,016","0,800","-0,009","0,800","0,004","0,800","0,004","0,800","0,013","0,800","-0,002","0,800","0,009","0,800","-0,004","0,800","-4,302E-16","0,800","0,004","0,800","0,005","0,800","0,011","0,800","0,011","0,800","0,013","0,800","0,007","0,800","0,034","0,800","0,036","0,800","0,048","0,800","0,052","0,800","0,046"
"0,850","-4,302E-16","0,850","-0,007","0,850","-0,002","0,850","0,007","0,850","-0,002","0,850","-4,302E-16","0,850","-4,302E-16","0,850","-0,002","0,850","-0,007","0,850","-0,005","0,850","-0,011","0,850","-0,030","0,850","-0,009","0,850","-0,014","0,850","-0,018","0,850","-0,011","0,850","-0,004","0,850","-0,007","0,850","-0,002","0,850","-0,013","0,850","-0,013","0,850","-0,007","0,850","-0,007","0,850","-0,007","0,850","-0,016","0,850","-0,021","0,850","0,011","0,850","-0,007","0,850","-0,007","0,850","-0,004","0,850","0,004","0,850","0,014","0,850","0,014","0,850","0,016","0,850","0,011","0,850","0,011","0,850","0,014","0,850","0,011","0,850","0,041","0,850","0,068","0,850","0,050","0,850","0,050"
"0,900","0,002","0,900","0,007","0,900","0,002","0,900","-0,007","0,900","-0,007","0,900","-4,302E-16","0,900","-0,004","0,900","-0,007","0,900","-0,002","0,900","-0,048","0,900","-0,005","0,900","-0,109","0,900","-0,011","0,900","-0,005","0,900","-0,005","0,900","-0,018","0,900","-0,014","0,900","-0,005","0,900","-0,007","0,900","-0,004","0,900","-0,014","0,900","-0,009","0,900","-0,002","0,900","-0,005","0,900","-0,007","0,900","-0,013","0,900","-0,014","0,900","-0,011","0,900","-0,007","0,900","0,004","0,900","0,009","0,900","0,002","0,900","0,013","0,900","-0,005","0,900","0,009","0,900","0,014","0,900","0,020","0,900","0,018","0,900","0,043","0,900","0,041","0,900","0,046","0,900","0,054"
"0,950","-4,302E-16","0,950","-0,004","0,950","-0,004","0,950","-0,007","0,950","-4,302E-16","0,950","-0,009","0,950","-4,302E-16","0,950","-0,002","0,950","-0,025","0,950","-0,141","0,950","-0,005","0,950","-0,220","0,950","-0,052","0,950","-0,014","0,950","-0,014","0,950","-0,005","0,950","-0,007","0,950","-0,013","0,950","-0,014","0,950","-0,005","0,950","-4,302E-16","0,950","-0,011","0,950","-0,011","0,950","-0,007","0,950","-0,007","0,950","0,011","0,950","-0,016","0,950","0,002","0,950","0,009","0,950","-4,302E-16","0,950","-0,004","0,950","-0,002","0,950","-0,013","0,950","0,005","0,950","0,014","0,950","0,014","0,950","0,013","0,950","0,032","0,950","0,043","0,950","0,030","0,950","0,052","0,950","0,045"
"1,000","0,004","1,000","-0,007","1,000","-0,009","1,000","0,005","1,000","0,002","1,000","-4,302E-16","1,000","-0,005","1,000","0,002","1,000","-0,088","1,000","-0,214","1,000","-0,086","1,000","-0,289","1,000","-0,159","1,000","-0,013","1,000","-0,013","1,000","-0,016","1,000","-0,029","1,000","-0,013","1,000","-0,005","1,000","-0,011","1,000","-0,007","1,000","-0,011","1,000","-0,014","1,000","-0,007","1,000","-0,007","1,000","-0,002","1,000","0,002","1,000","-0,005","1,000","0,004","1,000","-4,302E-16","1,000","-0,014","1,000","0,007","1,000","0,014","1,000","0,016","1,000","0,011","1,000","0,016","1,000","0,013","1,000","0,027","1,000","0,038","1,000","0,052","1,000","0,059","1,000","0,050"
"1,050","0,002","1,050","-0,002","1,050","-0,011","1,050","-0,013","1,050","-0,013","1,050","-4,302E-16","1,050","-0,023","1,050","-0,007","1,050","-0,138","1,050","-0,263","1,050","-0,171","1,050","-0,350","1,050","-0,254","1,050","-0,021","1,050","-0,048","1,050","-0,068","1,050","-0,102","1,050","-0,063","1,050","-0,016","1,050","-0,023","1,050","-0,016","1,050","-0,005","1,050","-0,030","1,050","-0,045","1,050","-0,029","1,050","-0,016","1,050","-0,036","1,050","-0,023","1,050","-0,020","1,050","-0,004","1,050","-0,064","1,050","-0,013","1,050","0,002","1,050","-0,030","1,050","-0,036","1,050","0,011","1,050","-0,027","1,050","0,013","1,050","0,041","1,050","0,061","1,050","0,061","1,050","0,050"
"1,100","0,009","1,100","-0,009","1,100","-0,021","1,100","-0,038","1,100","-0,020","1,100","-0,016","1,100","-0,041","1,100","-0,016","1,100","-0,159","1,100","-0,307","1,100","-0,218","1,100","-0,386","1,100","-0,322","1,100","-0,054","1,100","-0,177","1,100","-0,171","1,100","-0,213","1,100","-0,173","1,100","-0,082","1,100","-0,102","1,100","-0,004","1,100","-0,025","1,100","-0,125","1,100","-0,118","1,100","-0,104","1,100","-0,016","1,100","-0,121","1,100","-0,095","1,100","-0,061","1,100","-0,046","1,100","-0,170","1,100","-0,107","1,100","-0,107","1,100","-0,129","1,100","-0,118","1,100","-0,038","1,100","-0,111","1,100","-0,002","1,100","-0,002","1,100","-0,005","1,100","0,027","1,100","0,055"
"1,150","-4,302E-16","1,150","-0,013","1,150","-0,023","1,150","-0,048","1,150","-0,039","1,150","-0,043","1,150","-0,088","1,150","-0,057","1,150","-0,223","1,150","-0,322","1,150","-0,273","1,150","-0,402","1,150","-0,363","1,150","-0,155","1,150","-0,289","1,150","-0,286","1,150","-0,300","1,150","-0,270","1,150","-0,193","1,150","-0,232","1,150","-0,089","1,150","-0,111","1,150","-0,255","1,150","-0,211","1,150","-0,213","1,150","-0,084","1,150","-0,234","1,150","-0,186","1,150","-0,154","1,150","-0,141","1,150","-0,279","1,150","-0,216","1,150","-0,214","1,150","-0,248","1,150","-0,234","1,150","-0,132","1,150","-0,214","1,150","-0,077","1,150","-0,123","1,150","-0,077","1,150","-0,038","1,150","0,048"
"1,200","-0,002","1,200","-0,020","1,200","-0,034","1,200","-0,066","1,200","-0,052","1,200","-0,071","1,200","-0,127","1,200","-0,105","1,200","-0,238","1,200","-0,348","1,200","-0,313","1,200","-0,427","1,200","-0,395","1,200","-0,279","1,200","-0,375","1,200","-0,398","1,200","-0,418","1,200","-0,373","1,200","-0,302","1,200","-0,339","1,200","-0,214","1,200","-0,220","1,200","-0,355","1,200","-0,307","1,200","-0,313","1,200","-0,207","1,200","-0,311","1,200","-0,305","1,200","-0,293","1,200","-0,257","1,200","-0,386","1,200","-0,322","1,200","-0,298","1,200","-0,352","1,200","-0,323","1,200","-0,254","1,200","-0,318","1,200","-0,227","1,200","-0,216","1,200","-0,170","1,200","-0,163","1,200","0,048"
"1,250","0,005","1,250","-0,030","1,250","-0,041","1,250","-0,082","1,250","-0,066","1,250","-0,109","1,250","-0,138","1,250","-0,161","1,250","-0,241","1,250","-0,355","1,250","-0,327","1,250","-0,427","1,250","-0,411","1,250","-0,370","1,250","-0,441","1,250","-0,486","1,250","-0,506","1,250","-0,498","1,250","-0,406","1,250","-0,459","1,250","-0,329","1,250","-0,332","1,250","-0,452","1,250","-0,411","1,250","-0,420","1,250","-0,330","1,250","-0,409","1,250","-0,400","1,250","-0,404","1,250","-0,364","1,250","-0,482","1,250","-0,438","1,250","-0,397","1,250","-0,450","1,250","-0,432","1,250","-0,359","1,250","-0,429","1,250","-0,355","1,250","-0,334","1,250","-0,300","1,250","-0,284","1,250","0,048"
"1,300","0,004","1,300","-0,023","1,300","-0,034","1,300","-0,093","1,300","-0,086","1,300","-0,145","1,300","-0,163","1,300","-0,200","1,300","-0,261","1,300","-0,350","1,300","-0,339","1,300","-0,429","1,300","-0,423","1,300","-0,434","1,300","-0,468","1,300","-0,531","1,300","-0,536","1,300","-0,548","1,300","-0,511","1,300","-0,556","1,300","-0,441","1,300","-0,457","1,300","-0,547","1,300","-0,511","1,300","-0,516","1,300","-0,427","1,300","-0,536","1,300","-0,498","1,300","-0,509","1,300","-0,475","1,300","-0,570","1,300","-0,531","1,300","-0,511","1,300","-0,563","1,300","-0,520","1,300","-0,463","1,300","-0,522","1,300","-0,464","1,300","-0,432","1,300","-0,411","1,300","-0,397","1,300","0,055"
"1,350","-0,004","1,350","-0,043","1,350","-0,041","1,350","-0,107","1,350","-0,095","1,350","-0,154","1,350","-0,173","1,350","-0,223","1,350","-0,263","1,350","-0,366","1,350","-0,345","1,350","-0,434","1,350","-0,436","1,350","-0,468","1,350","-0,486","1,350","-0,550","1,350","-0,570","1,350","-0,600","1,350","-0,586","1,350","-0,631","1,350","-0,527","1,350","-0,550","1,350","-0,640","1,350","-0,595","1,350","-0,616","1,350","-0,520","1,350","-0,588","1,350","-0,581","1,350","-0,595","1,350","-0,568","1,350","-0,659","1,350","-0,616","1,350","-0,606","1,350","-0,643","1,350","-0,598","1,350","-0,554","1,350","-0,602","1,350","-0,563","1,350","-0,514","1,350","-0,488","1,350","-0,489","1,350","0,043"
"1,400","-0,002","1,400","-0,045","1,400","-0,054","1,400","-0,105","1,400","-0,100","1,400","-0,157","1,400","-0,184","1,400","-0,254","1,400","-0,261","1,400","-0,370","1,400","-0,345","1,400","-0,450","1,400","-0,425","1,400","-0,500","1,400","-0,513","1,400","-0,564","1,400","-0,591","1,400","-0,640","1,400","-0,622","1,400","-0,665","1,400","-0,615","1,400","-0,643","1,400","-0,697","1,400","-0,670","1,400","-0,681","1,400","-0,618","1,400","-0,654","1,400","-0,663","1,400","-0,679","1,400","-0,648","1,400","-0,738","1,400","-0,686","1,400","-0,675","1,400","-0,723","1,400","-0,686","1,400","-0,641","1,400","-0,682","1,400","-0,645","1,400","-0,602","1,400","-0,559","1,400","-0,593","1,400","0,045"
"1,450","0,011","1,450","-0,039","1,450","-0,045","1,450","-0,109","1,450","-0,114","1,450","-0,191","1,450","-0,186","1,450","-0,252","1,450","-0,270","1,450","-0,350","1,450","-0,354","1,450","-0,432","1,450","-0,434","1,450","-0,507","1,450","-0,516","1,450","-0,581","1,450","-0,600","1,450","-0,638","1,450","-0,643","1,450","-0,682","1,450","-0,659","1,450","-0,700","1,450","-0,741","1,450","-0,750","1,450","-0,765","1,450","-0,698","1,450","-0,761","1,450","-0,750","1,450","-0,763","1,450","-0,725","1,450","-0,806","1,450","-0,774","1,450","-0,750","1,450","-0,797","1,450","-0,757","1,450","-0,716","1,450","-0,763","1,450","-0,729","1,450","-0,682","1,450","-0,679","1,450","-0,684","1,450","0,055"
"1,500","-4,302E-16","1,500","-0,046","1,500","-0,046","1,500","-0,123","1,500","-0,114","1,500","-0,189","1,500","-0,193","1,500","-0,268","1,500","-0,266","1,500","-0,363","1,500","-0,357","1,500","-0,441","1,500","-0,431","1,500","-0,516","1,500","-0,511","1,500","-0,573","1,500","-0,597","1,500","-0,645","1,500","-0,654","1,500","-0,695","1,500","-0,679","1,500","-0,740","1,500","-0,763","1,500","-0,809","1,500","-0,800","1,500","-0,766","1,500","-0,834","1,500","-0,818","1,500","-0,834","1,500","-0,813","1,500","-0,897","1,500","-0,875","1,500","-0,838","1,500","-0,881","1,500","-0,822","1,500","-0,797","1,500","-0,850","1,500","-0,820","1,500","-0,756","1,500","-0,754","1,500","-0,747","1,500","0,052"
"1,550","-0,002","1,550","-0,052","1,550","-0,050","1,550","-0,123","1,550","-0,114","1,550","-0,189","1,550","-0,191","1,550","-0,280","1,550","-0,266","1,550","-0,368","1,550","-0,357","1,550","-0,434","1,550","-0,434","1,550","-0,514","1,550","-0,523","1,550","-0,582","1,550","-0,597","1,550","-0,652","1,550","-0,657","1,550","-0,698","1,550","-0,704","1,550","-0,766","1,550","-0,765","1,550","-0,820","1,550","-0,827","1,550","-0,859","1,550","-0,874","1,550","-0,915","1,550","-0,909","1,550","-0,902","1,550","-1,002","1,550","-0,945","1,550","-0,938","1,550","-0,990","1,550","-0,927","1,550","-0,902","1,550","-0,936","1,550","-0,904","1,550","-0,822","1,550","-0,797","1,550","-0,836","1,550","0,045"
"1,600","0,002","1,600","-0,039","1,600","-0,054","1,600","-0,121","1,600","-0,129","1,600","-0,191","1,600","-0,202","1,600","-0,277","1,600","-0,268","1,600","-0,364","1,600","-0,359","1,600","-0,448","1,600","-0,436","1,600","-0,518","1,600","-0,518","1,600","-0,581","1,600","-0,607","1,600","-0,656","1,600","-0,654","1,600","-0,693","1,600","-0,716","1,600","-0,768","1,600","-0,754","1,600","-0,832","1,600","-0,841","1,600","-0,900","1,600","-0,897","1,600","-0,986","1,600","-0,974","1,600","-1,009","1,600","-1,086","1,600","-1,052","1,600","-1,025","1,600","-1,108","1,600","-1,045","1,600","-0,999","1,600","-1,050","1,600","-1,000","1,600","-0,941","1,600","-0,911","1,600","-0,941","1,600","0,048"
"1,650","0,005","1,650","-0,046","1,650","-0,052","1,650","-0,123","1,650","-0,121","1,650","-0,200","1,650","-0,200","1,650","-0,273","1,650","-0,279","1,650","-0,361","1,650","-0,357","1,650","-0,454","1,650","-0,429","1,650","-0,523","1,650","-0,514","1,650","-0,577","1,650","-0,607","1,650","-0,654","1,650","-0,668","1,650","-0,706","1,650","-0,718","1,650","-0,759","1,650","-0,766","1,650","-0,834","1,650","-0,841","1,650","-0,922","1,650","-0,893","1,650","-0,990","1,650","-0,988","1,650","-1,083","1,650","-1,100","1,650","-1,170","1,650","-1,140","1,650","-1,202","1,650","-1,141","1,650","-1,116","1,650","-1,168","1,650","-1,127","1,650","-1,066","1,650","-1,070","1,650","-1,052","1,650","0,054"
"1,700","0,004","1,700","-0,064","1,700","-0,054","1,700","-0,123","1,700","-0,120","1,700","-0,197","1,700","-0,198","1,700","-0,279","1,700","-0,280","1,700","-0,361","1,700","-0,357","1,700","-0,425","1,700","-0,441","1,700","-0,522","1,700","-0,527","1,700","-0,588","1,700","-0,582","1,700","-0,650","1,700","-0,654","1,700","-0,706","1,700","-0,702","1,700","-0,781","1,700","-0,782","1,700","-0,832","1,700","-0,840","1,700","-0,924","1,700","-0,907","1,700","-0,993","1,700","-0,993","1,700","-1,106","1,700","-1,109","1,700","-1,197","1,700","-1,195","1,700","-1,292","1,700","-1,220","1,700","-1,224","1,700","-1,265","1,700","-1,254","1,700","-1,150","1,700","-1,154","1,700","-1,174","1,700","0,057"
"1,750","-0,007","1,750","-0,052","1,750","-0,050","1,750","-0,125","1,750","-0,138","1,750","-0,204","1,750","-0,198","1,750","-0,288","1,750","-0,255","1,750","-0,363","1,750","-0,368","1,750","-0,441","1,750","-0,443","1,750","-0,520","1,750","-0,522","1,750","-0,581","1,750","-0,595","1,750","-0,656","1,750","-0,650","1,750","-0,697","1,750","-0,715","1,750","-0,761","1,750","-0,768","1,750","-0,838","1,750","-0,843","1,750","-0,927","1,750","-0,907","1,750","-1,006","1,750","-0,988","1,750","-1,133","1,750","-1,118","1,750","-1,218","1,750","-1,217","1,750","-1,340","1,750","-1,284","1,750","-1,349","1,750","-1,376","1,750","-1,349","1,750","-1,252","1,750","-1,233","1,750","-1,272","1,750","0,043"
"1,800","0,007","1,800","-0,046","1,800","-0,057","1,800","-0,125","1,800","-0,127","1,800","-0,195","1,800","-0,204","1,800","-0,286","1,800","-0,273","1,800","-0,368","1,800","-0,354","1,800","-0,443","1,800","-0,436","1,800","-0,520","1,800","-0,513","1,800","-0,588","1,800","-0,602","1,800","-0,665","1,800","-0,668","1,800","-0,693","1,800","-0,711","1,800","-0,761","1,800","-0,757","1,800","-0,834","1,800","-0,847","1,800","-0,934","1,800","-0,897","1,800","-0,993","1,800","-0,995","1,800","-1,115","1,800","-1,118","1,800","-1,222","1,800","-1,213","1,800","-1,352","1,800","-1,293","1,800","-1,447","1,800","-1,436","1,800","-1,470","1,800","-1,386","1,800","-1,381","1,800","-1,383","1,800","0,050"
"1,850","0,007","1,850","-0,057","1,850","-0,054","1,850","-0,118","1,850","-0,125","1,850","-0,200","1,850","-0,198","1,850","-0,277","1,850","-0,286","1,850","-0,361","1,850","-0,355","1,850","-0,447","1,850","-0,436","1,850","-0,520","1,850","-0,514","1,850","-0,582","1,850","-0,598","1,850","-0,659","1,850","-0,657","1,850","-0,700","1,850","-0,702","1,850","-0,759","1,850","-0,768","1,850","-0,834","1,850","-0,845","1,850","-0,929","1,850","-0,891","1,850","-0,979","1,850","-1,004","1,850","-1,108","1,850","-1,113","1,850","-1,202","1,850","-1,220","1,850","-1,329","1,850","-1,299","1,850","-1,470","1,850","-1,447","1,850","-1,545","1,850","-1,483","1,850","-1,518","1,850","-1,533","1,850","0,064"
"1,900","0,004","1,900","-0,059","1,900","-0,054","1,900","-0,114","1,900","-0,127","1,900","-0,207","1,900","-0,248","1,900","-0,279","1,900","-0,264","1,900","-0,359","1,900","-0,370","1,900","-0,427","1,900","-0,436","1,900","-0,529","1,900","-0,514","1,900","-0,593","1,900","-0,595","1,900","-0,648","1,900","-0,656","1,900","-0,700","1,900","-0,715","1,900","-0,770","1,900","-0,782","1,900","-0,836","1,900","-0,845","1,900","-0,913","1,900","-0,909","1,900","-1,011","1,900","-0,995","1,900","-1,124","1,900","-1,113","1,900","-1,225","1,900","-1,224","1,900","-1,336","1,900","-1,288","1,900","-1,463","1,900","-1,436","1,900","-1,556","1,900","-1,493","1,900","-1,540","1,900","-1,588","1,900","0,054"
"1,950","-0,004","1,950","-0,054","1,950","-0,057","1,950","-0,132","1,950","-0,125","1,950","-0,205","1,950","-0,229","1,950","-0,304","1,950","-0,264","1,950","-0,373","1,950","-0,350","1,950","-0,432","1,950","-0,434","1,950","-0,518","1,950","-0,514","1,950","-0,593","1,950","-0,604","1,950","-0,668","1,950","-0,663","1,950","-0,702","1,950","-0,707","1,950","-0,761","1,950","-0,759","1,950","-0,836","1,950","-0,841","1,950","-0,922","1,950","-0,906","1,950","-1,011","1,950","-1,004","1,950","-1,122","1,950","-1,106","1,950","-1,224","1,950","-1,233","1,950","-1,329","1,950","-1,302","1,950","-1,476","1,950","-1,438","1,950","-1,549","1,950","-1,488","1,950","-1,554","1,950","-1,568","1,950","0,045"
"2,000","-0,002","2,000","-0,054","2,000","-0,066","2,000","-0,141","2,000","-0,136","2,000","-0,205","2,000","-0,168","2,000","-0,286","2,000","-0,279","2,000","-0,361","2,000","-0,354","2,000","-0,452","2,000","-0,441","2,000","-0,518","2,000","-0,514","2,000","-0,584","2,000","-0,606","2,000","-0,647","2,000","-0,663","2,000","-0,707","2,000","-0,706","2,000","-0,765","2,000","-0,757","2,000","-0,847","2,000","-0,845","2,000","-0,934","2,000","-0,909","2,000","-0,983","2,000","-0,999","2,000","-1,113","2,000","-1,111","2,000","-1,204","2,000","-1,227","2,000","-1,359","2,000","-1,300","2,000","-1,468","2,000","-1,440","2,000","-1,551","2,000","-1,506","2,000","-1,588","2,000","-1,593","2,000","0,052"
"2,050","0,005","2,050","-0,055","2,050","-0,054","2,050","-0,125","2,050","-0,120","2,050","-0,189","2,050","-0,197","2,050","-0,257","2,050","-0,275","2,050","-0,364","2,050","-0,361","2,050","-0,436","2,050","-0,420","2,050","-0,523","2,050","-0,502","2,050","-0,593","2,050","-0,600","2,050","-0,657","2,050","-0,650","2,050","-0,700","2,050","-0,711","2,050","-0,765","2,050","-0,772","2,050","-0,838","2,050","-0,849","2,050","-0,916","2,050","-0,909","2,050","-0,997","2,050","-0,993","2,050","-1,104","2,050","-1,108","2,050","-1,209","2,050","-1,222","2,050","-1,342","2,050","-1,290","2,050","-1,474","2,050","-1,463","2,050","-1,560","2,050","-1,490","2,050","-1,585","2,050","-1,622","2,050","0,061"
"2,100","0,004","2,100","-0,061","2,100","-0,055","2,100","-0,125","2,100","-0,120","2,100","-0,202","2,100","-0,189","2,100","-0,302","2,100","-0,273","2,100","-0,363","2,100","-0,359","2,100","-0,432","2,100","-0,434","2,100","-0,518","2,100","-0,518","2,100","-0,595","2,100","-0,597","2,100","-0,659","2,100","-0,663","2,100","-0,704","2,100","-0,691","2,100","-0,786","2,100","-0,768","2,100","-0,836","2,100","-0,843","2,100","-0,915","2,100","-0,906","2,100","-0,997","2,100","-0,991","2,100","-1,109","2,100","-1,106","2,100","-1,229","2,100","-1,217","2,100","-1,324","2,100","-1,302","2,100","-1,468","2,100","-1,426","2,100","-1,536","2,100","-1,495","2,100","-1,558","2,100","-1,597","2,100","0,043"
"2,150","-0,004","2,150","-0,059","2,150","-0,057","2,150","-0,127","2,150","-0,136","2,150","-0,202","2,150","-0,193","2,150","-0,300","2,150","-0,275","2,150","-0,370","2,150","-0,354","2,150","-0,434","2,150","-0,439","2,150","-0,518","2,150","-0,514","2,150","-0,593","2,150","-0,597","2,150","-0,656","2,150","-0,659","2,150","-0,709","2,150","-0,697","2,150","-0,754","2,150","-0,770","2,150","-0,834","2,150","-0,840","2,150","-0,934","2,150","-0,936","2,150","-0,988","2,150","-0,986","2,150","-1,106","2,150","-1,102","2,150","-1,217","2,150","-1,225","2,150","-1,329","2,150","-1,309","2,150","-1,445","2,150","-1,451","2,150","-1,533","2,150","-1,481","2,150","-1,563","2,150","-1,579","2,150","0,048"
"2,200","0,005","2,200","-0,052","2,200","-0,061","2,200","-0,139","2,200","-0,132","2,200","-0,191","2,200","-0,227","2,200","-0,261","2,200","-0,275","2,200","-0,366","2,200","-0,364","2,200","-0,447","2,200","-0,429","2,200","-0,516","2,200","-0,498","2,200","-0,597","2,200","-0,588","2,200","-0,656","2,200","-0,641","2,200","-0,706","2,200","-0,706","2,200","-0,765","2,200","-0,757","2,200","-0,850","2,200","-0,847","2,200","-0,934","2,200","-0,907","2,200","-0,990","2,200","-1,002","2,200","-1,102","2,200","-1,099","2,200","-1,211","2,200","-1,218","2,200","-1,349","2,200","-1,304","2,200","-1,465","2,200","-1,456","2,200","-1,540","2,200","-1,501","2,200","-1,581","2,200","-1,606","2,200","0,052"
"2,250","0,002","2,250","-0,054","2,250","-0,063","2,250","-0,130","2,250","-0,121","2,250","-0,197","2,250","-0,161","2,250","-0,266","2,250","-0,277","2,250","-0,372","2,250","-0,363","2,250","-0,445","2,250","-0,436","2,250","-0,513","2,250","-0,511","2,250","-0,595","2,250","-0,588","2,250","-0,654","2,250","-0,666","2,250","-0,707","2,250","-0,700","2,250","-0,782","2,250","-0,766","2,250","-0,841","2,250","-0,850","2,250","-0,922","2,250","-0,893","2,250","-0,991","2,250","-1,002","2,250","-1,104","2,250","-1,106","2,250","-1,202","2,250","-1,208","2,250","-1,347","2,250","-1,295","2,250","-1,477","2,250","-1,454","2,250","-1,547","2,250","-1,504","2,250","-1,576","2,250","-1,610","2,250","0,050"
"2,300","-0,011","2,300","-0,061","2,300","-0,055","2,300","-0,116","2,300","-0,123","2,300","-0,200","2,300","-0,155","2,300","-0,298","2,300","-0,273","2,300","-0,361","2,300","-0,359","2,300","-0,414","2,300","-0,434","2,300","-0,525","2,300","-0,514","2,300","-0,586","2,300","-0,598","2,300","-0,668","2,300","-0,661","2,300","-0,709","2,300","-0,691","2,300","-0,775","2,300","-0,775","2,300","-0,827","2,300","-0,840","2,300","-0,915","2,300","-0,927","2,300","-1,015","2,300","-0,993","2,300","-1,106","2,300","-1,099","2,300","-1,225","2,300","-1,218","2,300","-1,324","2,300","-1,309","2,300","-1,459","2,300","-1,436","2,300","-1,536","2,300","-1,499","2,300","-1,551","2,300","-1,581","2,300","0,046"
"2,350","0,011","2,350","-0,057","2,350","-0,057","2,350","-0,139","2,350","-0,121","2,350","-0,200","2,350","-0,225","2,350","-0,293","2,350","-0,270","2,350","-0,370","2,350","-0,357","2,350","-0,441","2,350","-0,436","2,350","-0,522","2,350","-0,518","2,350","-0,586","2,350","-0,590","2,350","-0,643","2,350","-0,647","2,350","-0,715","2,350","-0,704","2,350","-0,757","2,350","-0,745","2,350","-0,843","2,350","-0,838","2,350","-0,936","2,350","-0,915","2,350","-1,000","2,350","-1,002","2,350","-1,109","2,350","-1,097","2,350","-1,247","2,350","-1,224","2,350","-1,329","2,350","-1,320","2,350","-1,476","2,350","-1,447","2,350","-1,529","2,350","-1,499","2,350","-1,577","2,350","-1,585","2,350","0,055"
"2,400","0,004","2,400","-0,057","2,400","-0,068","2,400","-0,141","2,400","-0,136","2,400","-0,197","2,400","-0,193","2,400","-0,273","2,400","-0,270","2,400","-0,373","2,400","-0,359","2,400","-0,452","2,400","-0,432","2,400","-0,506","2,400","-0,506","2,400","-0,595","2,400","-0,590","2,400","-0,650","2,400","-0,648","2,400","-0,707","2,400","-0,706","2,400","-0,775","2,400","-0,763","2,400","-0,843","2,400","-0,843","2,400","-0,940","2,400","-0,915","2,400","-0,974","2,400","-1,000","2,400","-1,109","2,400","-1,097","2,400","-1,195","2,400","-1,220","2,400","-1,356","2,400","-1,317","2,400","-1,479","2,400","-1,449","2,400","-1,554","2,400","-1,504","2,400","-1,560","2,400","-1,626","2,400","0,048"
"2,450","-0,007","2,450","-0,057","2,450","-0,061","2,450","-0,120","2,450","-0,127","2,450","-0,204","2,450","-0,163","2,450","-0,279","2,450","-0,277","2,450","-0,368","2,450","-0,359","2,450","-0,438","2,450","-0,431","2,450","-0,518","2,450","-0,507","2,450","-0,584","2,450","-0,590","2,450","-0,652","2,450","-0,668","2,450","-0,711","2,450","-0,697","2,450","-0,791","2,450","-0,766","2,450","-0,832","2,450","-0,847","2,450","-0,925","2,450","-0,929","2,450","-1,009","2,450","-0,993","2,450","-1,116","2,450","-1,108","2,450","-1,208","2,450","-1,209","2,450","-1,361","2,450","-1,322","2,450","-1,463","2,450","-1,443","2,450","-1,543","2,450","-1,493","2,450","-1,547","2,450","-1,592","2,450","0,052"
"2,500","0,002","2,500","-0,054","2,500","-0,050","2,500","-0,127","2,500","-0,109","2,500","-0,197","2,500","-0,197","2,500","-0,289","2,500","-0,273","2,500","-0,368","2,500","-0,361","2,500","-0,432","2,500","-0,432","2,500","-0,523","2,500","-0,516","2,500","-0,573","2,500","-0,602","2,500","-0,648","2,500","-0,663","2,500","-0,711","2,500","-0,693","2,500","-0,786","2,500","-0,750","2,500","-0,834","2,500","-0,840","2,500","-0,927","2,500","-0,915","2,500","-1,002","2,500","-0,991","2,500","-1,095","2,500","-1,097","2,500","-1,243","2,500","-1,220","2,500","-1,331","2,500","-1,304","2,500","-1,468","2,500","-1,433","2,500","-1,515","2,500","-1,492","2,500","-1,586","2,500","-1,583","2,500","0,043"
"2,550","0,005","2,550","-0,061","2,550","-0,063","2,550","-0,139","2,550","-0,132","2,550","-0,202","2,550","-0,193","2,550","-0,286","2,550","-0,273","2,550","-0,359","2,550","-0,350","2,550","-0,432","2,550","-0,431","2,550","-0,511","2,550","-0,516","2,550","-0,586","2,550","-0,598","2,550","-0,645","2,550","-0,643","2,550","-0,711","2,550","-0,698","2,550","-0,770","2,550","-0,770","2,550","-0,843","2,550","-0,841","2,550","-0,931","2,550","-0,906","2,550","-0,975","2,550","-0,997","2,550","-1,091","2,550","-1,086","2,550","-1,220","2,550","-1,234","2,550","-1,327","2,550","-1,308","2,550","-1,454","2,550","-1,431","2,550","-1,531","2,550","-1,497","2,550","-1,579","2,550","-1,618","2,550","0,054"
"2,600","-0,004","2,600","-0,063","2,600","-0,064","2,600","-0,127","2,600","-0,146","2,600","-0,202","2,600","-0,209","2,600","-0,270","2,600","-0,266","2,600","-0,364","2,600","-0,373","2,600","-0,447","2,600","-0,429","2,600","-0,511","2,600","-0,520","2,600","-0,593","2,600","-0,591","2,600","-0,638","2,600","-0,650","2,600","-0,715","2,600","-0,704","2,600","-0,795","2,600","-0,765","2,600","-0,841","2,600","-0,850","2,600","-0,938","2,600","-0,920","2,600","-0,995","2,600","-0,991","2,600","-1,102","2,600","-1,099","2,600","-1,206","2,600","-1,213","2,600","-1,363","2,600","-1,327","2,600","-1,454","2,600","-1,442","2,600","-1,554","2,600","-1,502","2,600","-1,558","2,600","-1,601","2,600","0,050"
"2,650","-0,004","2,650","-0,050","2,650","-0,057","2,650","-0,139","2,650","-0,116","2,650","-0,202","2,650","-0,216","2,650","-0,279","2,650","-0,270","2,650","-0,372","2,650","-0,355","2,650","-0,432","2,650","-0,439","2,650","-0,509","2,650","-0,511","2,650","-0,572","2,650","-0,581","2,650","-0,668","2,650","-0,682","2,650","-0,704","2,650","-0,704","2,650","-0,791","2,650","-0,756","2,650","-0,845","2,650","-0,845","2,650","-0,925","2,650","-0,924","2,650","-1,016","2,650","-0,999","2,650","-1,109","2,650","-1,106","2,650","-1,222","2,650","-1,213","2,650","-1,347","2,650","-1,299","2,650","-1,472","2,650","-1,434","2,650","-1,545","2,650","-1,506","2,650","-1,574","2,650","-1,572","2,650","0,048"
"2,700","0,005","2,700","-0,057","2,700","-0,057","2,700","-0,125","2,700","-0,114","2,700","-0,202","2,700","-0,188","2,700","-0,284","2,700","-0,282","2,700","-0,364","2,700","-0,347","2,700","-0,431","2,700","-0,443","2,700","-0,522","2,700","-0,514","2,700","-0,568","2,700","-0,598","2,700","-0,656","2,700","-0,670","2,700","-0,713","2,700","-0,688","2,700","-0,795","2,700","-0,766","2,700","-0,820","2,700","-0,836","2,700","-0,931","2,700","-0,907","2,700","-0,990","2,700","-0,990","2,700","-1,084","2,700","-1,093","2,700","-1,233","2,700","-1,220","2,700","-1,331","2,700","-1,299","2,700","-1,463","2,700","-1,433","2,700","-1,517","2,700","-1,511","2,700","-1,585","2,700","-1,608","2,700","0,054"
"2,750","0,002","2,750","-0,075","2,750","-0,059","2,750","-0,125","2,750","-0,138","2,750","-0,200","2,750","-0,216","2,750","-0,280","2,750","-0,277","2,750","-0,364","2,750","-0,364","2,750","-0,447","2,750","-0,429","2,750","-0,520","2,750","-0,514","2,750","-0,590","2,750","-0,597","2,750","-0,636","2,750","-0,656","2,750","-0,713","2,750","-0,706","2,750","-0,774","2,750","-0,777","2,750","-0,825","2,750","-0,843","2,750","-0,929","2,750","-0,906","2,750","-0,993","2,750","-0,993","2,750","-1,093","2,750","-1,090","2,750","-1,218","2,750","-1,225","2,750","-1,327","2,750","-1,315","2,750","-1,449","2,750","-1,447","2,750","-1,522","2,750","-1,492","2,750","-1,572","2,750","-1,635","2,750","0,063"
"2,800","-0,004","2,800","-0,063","2,800","-0,061","2,800","-0,134","2,800","-0,134","2,800","-0,202","2,800","-0,225","2,800","-0,286","2,800","-0,263","2,800","-0,375","2,800","-0,359","2,800","-0,423","2,800","-0,425","2,800","-0,514","2,800","-0,522","2,800","-0,590","2,800","-0,573","2,800","-0,656","2,800","-0,659","2,800","-0,711","2,800","-0,709","2,800","-0,795","2,800","-0,750","2,800","-0,843","2,800","-0,849","2,800","-0,934","2,800","-0,916","2,800","-0,995","2,800","-1,004","2,800","-1,106","2,800","-1,109","2,800","-1,224","2,800","-1,220","2,800","-1,347","2,800","-1,324","2,800","-1,463","2,800","-1,447","2,800","-1,543","2,800","-1,506","2,800","-1,567","2,800","-1,588","2,800","0,052"
"2,850","0,004","2,850","-0,048","2,850","-0,061","2,850","-0,136","2,850","-0,118","2,850","-0,211","2,850","-0,189","2,850","-0,284","2,850","-0,275","2,850","-0,375","2,850","-0,354","2,850","-0,434","2,850","-0,448","2,850","-0,520","2,850","-0,516","2,850","-0,575","2,850","-0,581","2,850","-0,656","2,850","-0,677","2,850","-0,709","2,850","-0,697","2,850","-0,791","2,850","-0,768","2,850","-0,820","2,850","-0,845","2,850","-0,940","2,850","-0,940","2,850","-0,993","2,850","-0,991","2,850","-1,095","2,850","-1,104","2,850","-1,218","2,850","-1,218","2,850","-1,351","2,850","-1,309","2,850","-1,468","2,850","-1,451","2,850","-1,529","2,850","-1,511","2,850","-1,579","2,850","-1,579","2,850","0,046"
"2,900","0,011","2,900","-0,054","2,900","-0,057","2,900","-0,125","2,900","-0,118","2,900","-0,198","2,900","-0,211","2,900","-0,279","2,900","-0,280","2,900","-0,366","2,900","-0,352","2,900","-0,432","2,900","-0,432","2,900","-0,529","2,900","-0,507","2,900","-0,581","2,900","-0,591","2,900","-0,627","2,900","-0,673","2,900","-0,716","2,900","-0,700","2,900","-0,786","2,900","-0,759","2,900","-0,827","2,900","-0,838","2,900","-0,929","2,900","-0,918","2,900","-1,002","2,900","-0,983","2,900","-1,088","2,900","-1,093","2,900","-1,222","2,900","-1,222","2,900","-1,324","2,900","-1,311","2,900","-1,467","2,900","-1,447","2,900","-1,490","2,900","-1,509","2,900","-1,583","2,900","-1,624","2,900","0,046"
"2,950","-4,302E-16","2,950","-0,064","2,950","-0,057","2,950","-0,127","2,950","-0,132","2,950","-0,197","2,950","-0,207","2,950","-0,279","2,950","-0,268","2,950","-0,364","2,950","-0,375","2,950","-0,445","2,950","-0,425","2,950","-0,522","2,950","-0,516","2,950","-0,584","2,950","-0,586","2,950","-0,659","2,950","-0,661","2,950","-0,715","2,950","-0,709","2,950","-0,777","2,950","-0,761","2,950","-0,834","2,950","-0,847","2,950","-0,927","2,950","-0,907","2,950","-0,997","2,950","-0,995","2,950","-1,097","2,950","-1,097","2,950","-1,209","2,950","-1,208","2,950","-1,322","2,950","-1,309","2,950","-1,474","2,950","-1,436","2,950","-1,531","2,950","-1,504","2,950","-1,577","2,950","-1,611","2,950","0,055"
"3,000","-0,005","3,000","-0,055","3,000","-0,066","3,000","-0,132","3,000","-0,134","3,000","-0,211","3,000","-0,182","3,000","-0,297","3,000","-0,272","3,000","-0,370","3,000","-0,364","3,000","-0,439","3,000","-0,441","3,000","-0,523","3,000","-0,527","3,000","-0,590","3,000","-0,570","3,000","-0,648","3,000","-0,665","3,000","-0,707","3,000","-0,707","3,000","-0,807","3,000","-0,766","3,000","-0,827","3,000","-0,856","3,000","-0,931","3,000","-0,931","3,000","-1,002","3,000","-0,999","3,000","-1,093","3,000","-1,099","3,000","-1,220","3,000","-1,200","3,000","-1,334","3,000","-1,315","3,000","-1,468","3,000","-1,461","3,000","-1,543","3,000","-1,506","3,000","-1,579","3,000","-1,572","3,000","0,052"
"3,050","0,013","3,050","-0,052","3,050","-0,057","3,050","-0,129","3,050","-0,116","3,050","-0,205","3,050","-0,229","3,050","-0,275","3,050","-0,273","3,050","-0,364","3,050","-0,348","3,050","-0,425","3,050","-0,439","3,050","-0,525","3,050","-0,514","3,050","-0,584","3,050","-0,582","3,050","-0,620","3,050","-0,673","3,050","-0,704","3,050","-0,693","3,050","-0,788","3,050","-0,766","3,050","-0,838","3,050","-0,850","3,050","-0,936","3,050","-0,925","3,050","-1,008","3,050","-0,997","3,050","-1,093","3,050","-1,104","3,050","-1,234","3,050","-1,211","3,050","-1,333","3,050","-1,300","3,050","-1,458","3,050","-1,451","3,050","-1,513","3,050","-1,497","3,050","-1,599","3,050","-1,593","3,050","0,050"
"3,100","-0,014","3,100","-0,059","3,100","-0,057","3,100","-0,125","3,100","-0,121","3,100","-0,193","3,100","-0,213","3,100","-0,273","3,100","-0,277","3,100","-0,372","3,100","-0,357","3,100","-0,447","3,100","-0,422","3,100","-0,522","3,100","-0,502","3,100","-0,590","3,100","-0,597","3,100","-0,643","3,100","-0,677","3,100","-0,711","3,100","-0,702","3,100","-0,781","3,100","-0,759","3,100","-0,827","3,100","-0,845","3,100","-0,931","3,100","-0,925","3,100","-0,990","3,100","-0,991","3,100","-1,086","3,100","-1,102","3,100","-1,211","3,100","-1,209","3,100","-1,324","3,100","-1,302","3,100","-1,452","3,100","-1,438","3,100","-1,502","3,100","-1,484","3,100","-1,576","3,100","-1,618","3,100","0,050"
"3,150","-0,002","3,150","-0,059","3,150","-0,063","3,150","-0,121","3,150","-0,136","3,150","-0,200","3,150","-0,182","3,150","-0,300","3,150","-0,254","3,150","-0,363","3,150","-0,375","3,150","-0,441","3,150","-0,416","3,150","-0,520","3,150","-0,520","3,150","-0,597","3,150","-0,593","3,150","-0,647","3,150","-0,666","3,150","-0,711","3,150","-0,698","3,150","-0,797","3,150","-0,784","3,150","-0,824","3,150","-0,850","3,150","-0,920","3,150","-0,895","3,150","-1,000","3,150","-0,999","3,150","-1,090","3,150","-1,099","3,150","-1,208","3,150","-1,192","3,150","-1,331","3,150","-1,304","3,150","-1,476","3,150","-1,447","3,150","-1,524","3,150","-1,488","3,150","-1,560","3,150","-1,617","3,150","0,064"
"3,200","0,009","3,200","-0,063","3,200","-0,059","3,200","-0,125","3,200","-0,127","3,200","-0,205","3,200","-0,216","3,200","-0,293","3,200","-0,282","3,200","-0,370","3,200","-0,363","3,200","-0,438","3,200","-0,441","3,200","-0,529","3,200","-0,522","3,200","-0,595","3,200","-0,577","3,200","-0,650","3,200","-0,666","3,200","-0,691","3,200","-0,700","3,200","-0,782","3,200","-0,752","3,200","-0,850","3,200","-0,845","3,200","-0,929","3,200","-0,924","3,200","-0,997","3,200","-0,999","3,200","-1,104","3,200","-1,102","3,200","-1,234","3,200","-1,206","3,200","-1,317","3,200","-1,334","3,200","-1,459","3,200","-1,456","3,200","-1,522","3,200","-1,497","3,200","-1,601","3,200","-1,585","3,200","0,048"
"3,250","0,009","3,250","-0,048","3,250","-0,059","3,250","-0,132","3,250","-0,129","3,250","-0,193","3,250","-0,220","3,250","-0,268","3,250","-0,291","3,250","-0,370","3,250","-0,348","3,250","-0,443","3,250","-0,434","3,250","-0,523","3,250","-0,511","3,250","-0,591","3,250","-0,591","3,250","-0,634","3,250","-0,679","3,250","-0,695","3,250","-0,702","3,250","-0,791","3,250","-0,766","3,250","-0,854","3,250","-0,840","3,250","-0,943","3,250","-0,925","3,250","-0,986","3,250","-0,999","3,250","-1,095","3,250","-1,100","3,250","-1,217","3,250","-1,200","3,250","-1,333","3,250","-1,306","3,250","-1,449","3,250","-1,454","3,250","-1,506","3,250","-1,484","3,250","-1,595","3,250","-1,599","3,250","0,046"
"3,300","-0,004","3,300","-0,043","3,300","-0,059","3,300","-0,127","3,300","-0,127","3,300","-0,198","3,300","-0,197","3,300","-0,288","3,300","-0,257","3,300","-0,357","3,300","-0,366","3,300","-0,441","3,300","-0,431","3,300","-0,525","3,300","-0,513","3,300","-0,595","3,300","-0,606","3,300","-0,640","3,300","-0,672","3,300","-0,706","3,300","-0,695","3,300","-0,777","3,300","-0,763","3,300","-0,832","3,300","-0,857","3,300","-0,934","3,300","-0,936","3,300","-1,002","3,300","-0,991","3,300","-1,086","3,300","-1,104","3,300","-1,204","3,300","-1,193","3,300","-1,340","3,300","-1,309","3,300","-1,451","3,300","-1,451","3,300","-1,513","3,300","-1,504","3,300","-1,556","3,300","-1,627","3,300","0,050"
"3,350","-0,004","3,350","-0,070","3,350","-0,055","3,350","-0,127","3,350","-0,121","3,350","-0,200","3,350","-0,218","3,350","-0,305","3,350","-0,261","3,350","-0,357","3,350","-0,375","3,350","-0,447","3,350","-0,431","3,350","-0,525","3,350","-0,514","3,350","-0,597","3,350","-0,577","3,350","-0,657","3,350","-0,672","3,350","-0,698","3,350","-0,709","3,350","-0,784","3,350","-0,777","3,350","-0,829","3,350","-0,843","3,350","-0,915","3,350","-0,924","3,350","-1,009","3,350","-0,999","3,350","-1,104","3,350","-1,109","3,350","-1,238","3,350","-1,200","3,350","-1,318","3,350","-1,317","3,350","-1,467","3,350","-1,434","3,350","-1,527","3,350","-1,506","3,350","-1,574","3,350","-1,597","3,350","0,048"
"3,400","0,009","3,400","-0,054","3,400","-0,059","3,400","-0,130","3,400","-0,127","3,400","-0,207","3,400","-0,205","3,400","-0,288","3,400","-0,293","3,400","-0,386","3,400","-0,352","3,400","-0,439","3,400","-0,438","3,400","-0,518","3,400","-0,529","3,400","-0,597","3,400","-0,588","3,400","-0,643","3,400","-0,668","3,400","-0,695","3,400","-0,706","3,400","-0,781","3,400","-0,761","3,400","-0,836","3,400","-0,840","3,400","-0,924","3,400","-0,925","3,400","-0,988","3,400","-0,995","3,400","-1,099","3,400","-1,093","3,400","-1,220","3,400","-1,204","3,400","-1,317","3,400","-1,302","3,400","-1,454","3,400","-1,459","3,400","-1,518","3,400","-1,506","3,400","-1,610","3,400","-1,581","3,400","0,048"
"3,450","0,002","3,450","-0,050","3,450","-0,064","3,450","-0,134","3,450","-0,138","3,450","-0,198","3,450","-0,207","3,450","-0,280","3,450","-0,279","3,450","-0,370","3,450","-0,359","3,450","-0,438","3,450","-0,443","3,450","-0,531","3,450","-0,518","3,450","-0,595","3,450","-0,597","3,450","-0,627","3,450","-0,679","3,450","-0,711","3,450","-0,702","3,450","-0,799","3,450","-0,765","3,450","-0,845","3,450","-0,843","3,450","-0,922","3,450","-0,947","3,450","-0,993","3,450","-0,999","3,450","-1,081","3,450","-1,099","3,450","-1,202","3,450","-1,197","3,450","-1,336","3,450","-1,306","3,450","-1,442","3,450","-1,470","3,450","-1,501","3,450","-1,502","3,450","-1,588","3,450","-1,610","3,450","0,050"
"3,500","-4,302E-16","3,500","-0,054","3,500","-0,057","3,500","-0,125","3,500","-0,127","3,500","-0,191","3,500","-0,211","3,500","-0,273","3,500","-0,264","3,500","-0,354","3,500","-0,372","3,500","-0,443","3,500","-0,425","3,500","-0,518","3,500","-0,506","3,500","-0,598","3,500","-0,590","3,500","-0,645","3,500","-0,681","3,500","-0,709","3,500","-0,709","3,500","-0,775","3,500","-0,766","3,500","-0,831","3,500","-0,849","3,500","-0,924","3,500","-0,938","3,500","-0,997","3,500","-1,004","3,500","-1,091","3,500","-1,113","3,500","-1,222","3,500","-1,192","3,500","-1,334","3,500","-1,322","3,500","-1,456","3,500","-1,456","3,500","-1,513","3,500","-1,502","3,500","-1,576","3,500","-1,622","3,500","0,050"
"3,550","0,005","3,550","-0,052","3,550","-0,063","3,550","-0,129","3,550","-0,121","3,550","-0,205","3,550","-0,213","3,550","-0,300","3,550","-0,270","3,550","-0,364","3,550","-0,364","3,550","-0,439","3,550","-0,429","3,550","-0,511","3,550","-0,514","3,550","-0,590","3,550","-0,586","3,550","-0,657","3,550","-0,686","3,550","-0,700","3,550","-0,704","3,550","-0,784","3,550","-0,775","3,550","-0,822","3,550","-0,849","3,550","-0,913","3,550","-0,929","3,550","-0,993","3,550","-0,997","3,550","-1,102","3,550","-1,106","3,550","-1,231","3,550","-1,199","3,550","-1,324","3,550","-1,308","3,550","-1,449","3,550","-1,447","3,550","-1,520","3,550","-1,506","3,550","-1,595","3,550","-1,597","3,550","0,048"
"3,600","0,009","3,600","-0,052","3,600","-0,064","3,600","-0,129","3,600","-0,132","3,600","-0,204","3,600","-0,197","3,600","-0,289","3,600","-0,282","3,600","-0,370","3,600","-0,348","3,600","-0,443","3,600","-0,443","3,600","-0,527","3,600","-0,523","3,600","-0,586","3,600","-0,593","3,600","-0,623","3,600","-0,663","3,600","-0,697","3,600","-0,706","3,600","-0,786","3,600","-0,761","3,600","-0,827","3,600","-0,838","3,600","-0,924","3,600","-0,916","3,600","-0,995","3,600","-0,990","3,600","-1,091","3,600","-1,093","3,600","-1,218","3,600","-1,208","3,600","-1,311","3,600","-1,295","3,600","-1,451","3,600","-1,470","3,600","-1,508","3,600","-1,501","3,600","-1,599","3,600","-1,597","3,600","0,048"
"3,650","0,007","3,650","-0,070","3,650","-0,059","3,650","-0,127","3,650","-0,134","3,650","-0,200","3,650","-0,213","3,650","-0,270","3,650","-0,279","3,650","-0,384","3,650","-0,361","3,650","-0,447","3,650","-0,438","3,650","-0,534","3,650","-0,509","3,650","-0,593","3,650","-0,582","3,650","-0,636","3,650","-0,670","3,650","-0,711","3,650","-0,704","3,650","-0,784","3,650","-0,768","3,650","-0,838","3,650","-0,849","3,650","-0,932","3,650","-0,922","3,650","-0,984","3,650","-0,991","3,650","-1,086","3,650","-1,102","3,650","-1,217","3,650","-1,199","3,650","-1,336","3,650","-1,327","3,650","-1,463","3,650","-1,477","3,650","-1,513","3,650","-1,499","3,650","-1,558","3,650","-1,597","3,650","0,054"
"3,700","0,011","3,700","-0,066","3,700","-0,057","3,700","-0,129","3,700","-0,125","3,700","-0,197","3,700","-0,209","3,700","-0,291","3,700","-0,275","3,700","-0,350","3,700","-0,361","3,700","-0,441","3,700","-0,429","3,700","-0,513","3,700","-0,509","3,700","-0,591","3,700","-0,581","3,700","-0,654","3,700","-0,690","3,700","-0,700","3,700","-0,698","3,700","-0,777","3,700","-0,761","3,700","-0,818","3,700","-0,857","3,700","-0,929","3,700","-0,934","3,700","-0,990","3,700","-1,008","3,700","-1,100","3,700","-1,120","3,700","-1,215","3,700","-1,192","3,700","-1,329","3,700","-1,304","3,700","-1,467","3,700","-1,451","3,700","-1,513","3,700","-1,518","3,700","-1,576","3,700","-1,599","3,700","0,048"
"3,750","0,004","3,750","-0,061","3,750","-0,061","3,750","-0,127","3,750","-0,121","3,750","-0,204","3,750","-0,214","3,750","-0,298","3,750","-0,272","3,750","-0,364","3,750","-0,363","3,750","-0,439","3,750","-0,429","3,750","-0,520","3,750","-0,518","3,750","-0,581","3,750","-0,581","3,750","-0,631","3,750","-0,681","3,750","-0,704","3,750","-0,698","3,750","-0,788","3,750","-0,777","3,750","-0,824","3,750","-0,849","3,750","-0,913","3,750","-0,918","3,750","-0,983","3,750","-0,988","3,750","-1,097","3,750","-1,106","3,750","-1,220","3,750","-1,208","3,750","-1,302","3,750","-1,313","3,750","-1,436","3,750","-1,451","3,750","-1,504","3,750","-1,511","3,750","-1,597","3,750","-1,593","3,750","0,046"
"3,800","0,004","3,800","-0,075","3,800","-0,061","3,800","-0,130","3,800","-0,129","3,800","-0,205","3,800","-0,216","3,800","-0,280","3,800","-0,277","3,800","-0,380","3,800","-0,357","3,800","-0,443","3,800","-0,439","3,800","-0,536","3,800","-0,511","3,800","-0,586","3,800","-0,590","3,800","-0,636","3,800","-0,665","3,800","-0,709","3,800","-0,707","3,800","-0,782","3,800","-0,763","3,800","-0,836","3,800","-0,838","3,800","-0,909","3,800","-0,920","3,800","-0,975","3,800","-0,988","3,800","-1,090","3,800","-1,100","3,800","-1,227","3,800","-1,206","3,800","-1,317","3,800","-1,309","3,800","-1,438","3,800","-1,461","3,800","-1,520","3,800","-1,513","3,800","-1,588","3,800","-1,592","3,800","0,050"
"3,850","0,009","3,850","-0,029","3,850","-0,061","3,850","-0,130","3,850","-0,139","3,850","-0,205","3,850","-0,200","3,850","-0,277","3,850","-0,279","3,850","-0,372","3,850","-0,361","3,850","-0,450","3,850","-0,431","3,850","-0,538","3,850","-0,523","3,850","-0,597","3,850","-0,584","3,850","-0,638","3,850","-0,672","3,850","-0,731","3,850","-0,704","3,850","-0,791","3,850","-0,763","3,850","-0,831","3,850","-0,852","3,850","-0,927","3,850","-0,925","3,850","-0,990","3,850","-1,006","3,850","-1,095","3,850","-1,115","3,850","-1,209","3,850","-1,179","3,850","-1,327","3,850","-1,308","3,850","-1,458","3,850","-1,465","3,850","-1,515","3,850","-1,513","3,850","-1,568","3,850","-1,595","3,850","0,054"
"3,900","0,007","3,900","-0,071","3,900","-0,061","3,900","-0,130","3,900","-0,125","3,900","-0,197","3,900","-0,209","3,900","-0,288","3,900","-0,279","3,900","-0,355","3,900","-0,368","3,900","-0,439","3,900","-0,427","3,900","-0,518","3,900","-0,520","3,900","-0,588","3,900","-0,577","3,900","-0,650","3,900","-0,679","3,900","-0,720","3,900","-0,707","3,900","-0,774","3,900","-0,761","3,900","-0,829","3,900","-0,856","3,900","-0,924","3,900","-0,929","3,900","-0,997","3,900","-1,000","3,900","-1,097","3,900","-1,115","3,900","-1,211","3,900","-1,200","3,900","-1,333","3,900","-1,317","3,900","-1,442","3,900","-1,451","3,900","-1,526","3,900","-1,508","3,900","-1,601","3,900","-1,586","3,900","0,048"
"3,950","-4,302E-16","3,950","-0,077","3,950","-0,061","3,950","-0,130","3,950","-0,121","3,950","-0,198","3,950","-0,220","3,950","-0,289","3,950","-0,270","3,950","-0,366","3,950","-0,348","3,950","-0,443","3,950","-0,436","3,950","-0,523","3,950","-0,502","3,950","-0,593","3,950","-0,586","3,950","-0,640","3,950","-0,679","3,950","-0,713","3,950","-0,707","3,950","-0,765","3,950","-0,772","3,950","-0,840","3,950","-0,832","3,950","-0,907","3,950","-0,907","3,950","-0,977","3,950","-0,981","3,950","-1,090","3,950","-1,108","3,950","-1,222","3,950","-1,202","3,950","-1,306","3,950","-1,322","3,950","-1,442","3,950","-1,447","3,950","-1,511","3,950","-1,520","3,950","-1,599","3,950","-1,593","3,950","0,046"
"4,000","-4,302E-16","4,000","-0,052","4,000","-0,064","4,000","-0,129","4,000","-0,138","4,000","-0,205","4,000","-0,200","4,000","-0,291","4,000","-0,268","4,000","-0,375","4,000","-0,354","4,000","-0,447","4,000","-0,432","4,000","-0,541","4,000","-0,516","4,000","-0,597","4,000","-0,584","4,000","-0,623","4,000","-0,665","4,000","-0,736","4,000","-0,700","4,000","-0,775","4,000","-0,761","4,000","-0,832","4,000","-0,841","4,000","-0,918","4,000","-0,916","4,000","-0,981","4,000","-0,999","4,000","-1,093","4,000","-1,100","4,000","-1,215","4,000","-1,190","4,000","-1,315","4,000","-1,302","4,000","-1,451","4,000","-1,456","4,000","-1,513","4,000","-1,526","4,000","-1,563","4,000","-1,602","4,000","0,048"
"4,050","0,009","4,050","-0,064","4,050","-0,057","4,050","-0,129","4,050","-0,136","4,050","-0,193","4,050","-0,209","4,050","-0,291","4,050","-0,280","4,050","-0,361","4,050","-0,372","4,050","-0,441","4,050","-0,425","4,050","-0,539","4,050","-0,525","4,050","-0,600","4,050","-0,582","4,050","-0,648","4,050","-0,679","4,050","-0,740","4,050","-0,711","4,050","-0,772","4,050","-0,774","4,050","-0,836","4,050","-0,854","4,050","-0,922","4,050","-0,922","4,050","-0,983","4,050","-0,995","4,050","-1,097","4,050","-1,109","4,050","-1,225","4,050","-1,192","4,050","-1,327","4,050","-1,322","4,050","-1,445","4,050","-1,463","4,050","-1,536","4,050","-1,509","4,050","-1,577","4,050","-1,585","4,050","0,052"
"4,100","0,011","4,100","-0,068","4,100","-0,057","4,100","-0,130","4,100","-0,125","4,100","-0,202","4,100","-0,223","4,100","-0,286","4,100","-0,284","4,100","-0,361","4,100","-0,355","4,100","-0,448","4,100","-0,434","4,100","-0,513","4,100","-0,509","4,100","-0,600","4,100","-0,581","4,100","-0,654","4,100","-0,686","4,100","-0,731","4,100","-0,713","4,100","-0,761","4,100","-0,768","4,100","-0,843","4,100","-0,843","4,100","-0,927","4,100","-0,934","4,100","-0,972","4,100","-0,991","4,100","-1,097","4,100","-1,113","4,100","-1,220","4,100","-1,202","4,100","-1,311","4,100","-1,325","4,100","-1,445","4,100","-1,459","4,100","-1,524","4,100","-1,511","4,100","-1,602","4,100","-1,586","4,100","0,052"
"4,150","-0,007","4,150","-0,057","4,150","-0,064","4,150","-0,132","4,150","-0,132","4,150","-0,197","4,150","-0,214","4,150","-0,291","4,150","-0,270","4,150","-0,366","4,150","-0,350","4,150","-0,443","4,150","-0,434","4,150","-0,527","4,150","-0,504","4,150","-0,602","4,150","-0,600","4,150","-0,625","4,150","-0,668","4,150","-0,725","4,150","-0,702","4,150","-0,788","4,150","-0,765","4,150","-0,836","4,150","-0,840","4,150","-0,920","4,150","-0,915","4,150","-0,974","4,150","-0,997","4,150","-1,086","4,150","-1,106","4,150","-1,208","4,150","-1,190","4,150","-1,292","4,150","-1,311","4,150","-1,440","4,150","-1,436","4,150","-1,502","4,150","-1,533","4,150","-1,611","4,150","-1,608","4,150","0,052"
"4,200","-0,004","4,200","-0,070","4,200","-0,063","4,200","-0,129","4,200","-0,132","4,200","-0,197","4,200","-0,211","4,200","-0,282","4,200","-0,270","4,200","-0,372","4,200","-0,372","4,200","-0,447","4,200","-0,427","4,200","-0,539","4,200","-0,514","4,200","-0,598","4,200","-0,600","4,200","-0,629","4,200","-0,684","4,200","-0,727","4,200","-0,707","4,200","-0,770","4,200","-0,765","4,200","-0,836","4,200","-0,834","4,200","-0,913","4,200","-0,907","4,200","-0,977","4,200","-0,995","4,200","-1,091","4,200","-1,111","4,200","-1,209","4,200","-1,186","4,200","-1,320","4,200","-1,322","4,200","-1,447","4,200","-1,463","4,200","-1,515","4,200","-1,522","4,200","-1,588","4,200","-1,585","4,200","0,052"
"4,250","0,011","4,250","-0,050","4,250","-0,054","4,250","-0,130","4,250","-0,132","4,250","-0,204","4,250","-0,214","4,250","-0,280","4,250","-0,280","4,250","-0,363","4,250","-0,368","4,250","-0,450","4,250","-0,439","4,250","-0,523","4,250","-0,514","4,250","-0,598","4,250","-0,581","4,250","-0,656","4,250","-0,684","4,250","-0,743","4,250","-0,718","4,250","-0,759","4,250","-0,770","4,250","-0,843","4,250","-0,840","4,250","-0,925","4,250","-0,925","4,250","-0,972","4,250","-1,000","4,250","-1,099","4,250","-1,113","4,250","-1,225","4,250","-1,202","4,250","-1,317","4,250","-1,333","4,250","-1,454","4,250","-1,468","4,250","-1,531","4,250","-1,506","4,250","-1,583","4,250","-1,572","4,250","0,046"
"4,300","0,007","4,300","-0,038","4,300","-0,059","4,300","-0,129","4,300","-0,129","4,300","-0,198","4,300","-0,213","4,300","-0,302","4,300","-0,280","4,300","-0,354","4,300","-0,352","4,300","-0,438","4,300","-0,431","4,300","-0,520","4,300","-0,522","4,300","-0,595","4,300","-0,590","4,300","-0,638","4,300","-0,681","4,300","-0,727","4,300","-0,711","4,300","-0,770","4,300","-0,756","4,300","-0,822","4,300","-0,845","4,300","-0,920","4,300","-0,934","4,300","-0,970","4,300","-0,990","4,300","-1,102","4,300","-1,113","4,300","-1,224","4,300","-1,195","4,300","-1,300","4,300","-1,299","4,300","-1,449","4,300","-1,459","4,300","-1,513","4,300","-1,524","4,300","-1,606","4,300","-1,599","4,300","0,057"
"4,350","-0,005","4,350","-0,064","4,350","-0,063","4,350","-0,134","4,350","-0,127","4,350","-0,207","4,350","-0,220","4,350","-0,280","4,350","-0,273","4,350","-0,372","4,350","-0,357","4,350","-0,447","4,350","-0,423","4,350","-0,523","4,350","-0,514","4,350","-0,595","4,350","-0,606","4,350","-0,620","4,350","-0,677","4,350","-0,720","4,350","-0,706","4,350","-0,781","4,350","-0,775","4,350","-0,831","4,350","-0,832","4,350","-0,911","4,350","-0,913","4,350","-0,970","4,350","-0,995","4,350","-1,088","4,350","-1,116","4,350","-1,209","4,350","-1,195","4,350","-1,302","4,350","-1,331","4,350","-1,442","4,350","-1,451","4,350","-1,504","4,350","-1,520","4,350","-1,610","4,350","-1,599","4,350","0,048"
"4,400","-0,002","4,400","-0,057","4,400","-0,063","4,400","-0,127","4,400","-0,134","4,400","-0,205","4,400","-0,200","4,400","-0,273","4,400","-0,273","4,400","-0,361","4,400","-0,364","4,400","-0,439","4,400","-0,438","4,400","-0,529","4,400","-0,511","4,400","-0,595","4,400","-0,595","4,400","-0,641","4,400","-0,690","4,400","-0,720","4,400","-0,706","4,400","-0,772","4,400","-0,766","4,400","-0,840","4,400","-0,834","4,400","-0,916","4,400","-0,913","4,400","-0,966","4,400","-1,004","4,400","-1,100","4,400","-1,120","4,400","-1,206","4,400","-1,188","4,400","-1,324","4,400","-1,331","4,400","-1,440","4,400","-1,447","4,400","-1,515","4,400","-1,518","4,400","-1,601","4,400","-1,577","4,400","0,045"
"4,450","0,005","4,450","-0,045","4,450","-0,061","4,450","-0,125","4,450","-0,136","4,450","-0,202","4,450","-0,204","4,450","-0,291","4,450","-0,277","4,450","-0,354","4,450","-0,375","4,450","-0,445","4,450","-0,431","4,450","-0,534","4,450","-0,527","4,450","-0,591","4,450","-0,586","4,450","-0,654","4,450","-0,675","4,450","-0,731","4,450","-0,716","4,450","-0,770","4,450","-0,774","4,450","-0,838","4,450","-0,850","4,450","-0,924","4,450","-0,918","4,450","-0,972","4,450","-0,988","4,450","-1,095","4,450","-1,111","4,450","-1,224","4,450","-1,195","4,450","-1,313","4,450","-1,318","4,450","-1,434","4,450","-1,463","4,450","-1,533","4,450","-1,524","4,450","-1,592","4,450","-1,590","4,450","0,046"
"4,500","0,007","4,500","-0,066","4,500","-0,059","4,500","-0,129","4,500","-0,127","4,500","-0,209","4,500","-0,216","4,500","-0,279","4,500","-0,279","4,500","-0,363","4,500","-0,352","4,500","-0,443","4,500","-0,429","4,500","-0,520","4,500","-0,522","4,500","-0,590","4,500","-0,595","4,500","-0,632","4,500","-0,668","4,500","-0,734","4,500","-0,720","4,500","-0,759","4,500","-0,765","4,500","-0,836","4,500","-0,838","4,500","-0,911","4,500","-0,916","4,500","-0,972","4,500","-0,984","4,500","-1,100","4,500","-1,111","4,500","-1,225","4,500","-1,206","4,500","-1,299","4,500","-1,325","4,500","-1,443","4,500","-1,458","4,500","-1,513","4,500","-1,522","4,500","-1,593","4,500","-1,608","4,500","0,055"
"4,550","-0,002","4,550","-0,057","4,550","-0,063","4,550","-0,127","4,550","-0,125","4,550","-0,209","4,550","-0,216","4,550","-0,272","4,550","-0,272","4,550","-0,366","4,550","-0,354","4,550","-0,443","4,550","-0,432","4,550","-0,522","4,550","-0,513","4,550","-0,595","4,550","-0,593","4,550","-0,631","4,550","-0,679","4,550","-0,718","4,550","-0,700","4,550","-0,779","4,550","-0,768","4,550","-0,836","4,550","-0,822","4,550","-0,916","4,550","-0,907","4,550","-0,952","4,550","-1,013","4,550","-1,086","4,550","-1,122","4,550","-1,206","4,550","-1,188","4,550","-1,302","4,550","-1,306","4,550","-1,434","4,550","-1,456","4,550","-1,501","4,550","-1,526","4,550","-1,599","4,550","-1,601","4,550","0,050"
"4,600","0,002","4,600","-0,057","4,600","-0,061","4,600","-0,130","4,600","-0,132","4,600","-0,198","4,600","-0,207","4,600","-0,286","4,600","-0,280","4,600","-0,361","4,600","-0,375","4,600","-0,447","4,600","-0,429","4,600","-0,522","4,600","-0,518","4,600","-0,595","4,600","-0,588","4,600","-0,647","4,600","-0,686","4,600","-0,723","4,600","-0,707","4,600","-0,759","4,600","-0,772","4,600","-0,845","4,600","-0,832","4,600","-0,909","4,600","-0,916","4,600","-0,966","4,600","-1,004","4,600","-1,102","4,600","-1,115","4,600","-1,211","4,600","-1,193","4,600","-1,329","4,600","-1,334","4,600","-1,436","4,600","-1,452","4,600","-1,517","4,600","-1,520","4,600","-1,599","4,600","-1,577","4,600","0,041"
"4,650","0,018","4,650","-0,064","4,650","-0,055","4,650","-0,129","4,650","-0,132","4,650","-0,204","4,650","-0,200","4,650","-0,297","4,650","-0,284","4,650","-0,352","4,650","-0,359","4,650","-0,434","4,650","-0,427","4,650","-0,527","4,650","-0,525","4,650","-0,600","4,650","-0,577","4,650","-0,652","4,650","-0,670","4,650","-0,731","4,650","-0,722","4,650","-0,770","4,650","-0,777","4,650","-0,845","4,650","-0,838","4,650","-0,915","4,650","-0,915","4,650","-0,970","4,650","-0,990","4,650","-1,099","4,650","-1,108","4,650","-1,229","4,650","-1,208","4,650","-1,317","4,650","-1,329","4,650","-1,449","4,650","-1,451","4,650","-1,526","4,650","-1,522","4,650","-1,601","4,650","-1,574","4,650","0,041"
"4,700","-4,302E-16","4,700","-0,039","4,700","-0,063","4,700","-0,129","4,700","-0,127","4,700","-0,213","4,700","-0,211","4,700","-0,273","4,700","-0,280","4,700","-0,366","4,700","-0,347","4,700","-0,447","4,700","-0,436","4,700","-0,520","4,700","-0,520","4,700","-0,609","4,700","-0,575","4,700","-0,631","4,700","-0,670","4,700","-0,734","4,700","-0,715","4,700","-0,772","4,700","-0,752","4,700","-0,818","4,700","-0,831","4,700","-0,915","4,700","-0,890","4,700","-0,975","4,700","-1,002","4,700","-1,104","4,700","-1,116","4,700","-1,215","4,700","-1,195","4,700","-1,302","4,700","-1,308","4,700","-1,445","4,700","-1,459","4,700","-1,511","4,700","-1,527","4,700","-1,604","4,700","-1,602","4,700","0,054"
"4,750","-0,016","4,750","-0,059","4,750","-0,064","4,750","-0,125","4,750","-0,127","4,750","-0,198","4,750","-0,209","4,750","-0,282","4,750","-0,279","4,750","-0,366","4,750","-0,370","4,750","-0,448","4,750","-0,432","4,750","-0,520","4,750","-0,520","4,750","-0,613","4,750","-0,586","4,750","-0,636","4,750","-0,677","4,750","-0,720","4,750","-0,709","4,750","-0,777","4,750","-0,768","4,750","-0,829","4,750","-0,825","4,750","-0,909","4,750","-0,897","4,750","-0,981","4,750","-1,008","4,750","-1,095","4,750","-1,122","4,750","-1,204","4,750","-1,195","4,750","-1,338","4,750","-1,336","4,750","-1,443","4,750","-1,449","4,750","-1,504","4,750","-1,531","4,750","-1,615","4,750","-1,590","4,750","0,055"
"4,800","0,011","4,800","-0,073","4,800","-0,061","4,800","-0,121","4,800","-0,129","4,800","-0,202","4,800","-0,209","4,800","-0,291","4,800","-0,288","4,800","-0,357","4,800","-0,372","4,800","-0,439","4,800","-0,425","4,800","-0,513","4,800","-0,514","4,800","-0,609","4,800","-0,582","4,800","-0,652","4,800","-0,682","4,800","-0,722","4,800","-0,718","4,800","-0,754","4,800","-0,777","4,800","-0,841","4,800","-0,829","4,800","-0,915","4,800","-0,920","4,800","-0,974","4,800","-0,988","4,800","-1,099","4,800","-1,120","4,800","-1,220","4,800","-1,186","4,800","-1,359","4,800","-1,343","4,800","-1,440","4,800","-1,449","4,800","-1,504","4,800","-1,527","4,800","-1,617","4,800","-1,570","4,800","0,045"
"4,850","0,004","4,850","-0,054","4,850","-0,061","4,850","-0,130","4,850","-0,132","4,850","-0,207","4,850","-0,198","4,850","-0,295","4,850","-0,280","4,850","-0,357","4,850","-0,348","4,850","-0,447","4,850","-0,438","4,850","-0,522","4,850","-0,520","4,850","-0,613","4,850","-0,573","4,850","-0,645","4,850","-0,675","4,850","-0,729","4,850","-0,718","4,850","-0,781","4,850","-0,766","4,850","-0,849","4,850","-0,834","4,850","-0,909","4,850","-0,909","4,850","-0,972","4,850","-0,990","4,850","-1,108","4,850","-1,109","4,850","-1,220","4,850","-1,186","4,850","-1,338","4,850","-1,311","4,850","-1,440","4,850","-1,454","4,850","-1,497","4,850","-1,535","4,850","-1,599","4,850","-1,588","4,850","0,039"
"4,900","0,002","4,900","-0,045","4,900","-0,068","4,900","-0,132","4,900","-0,129","4,900","-0,198","4,900","-0,202","4,900","-0,300","4,900","-0,280","4,900","-0,364","4,900","-0,359","4,900","-0,443","4,900","-0,439","4,900","-0,513","4,900","-0,532","4,900","-0,602","4,900","-0,579","4,900","-0,629","4,900","-0,677","4,900","-0,711","4,900","-0,715","4,900","-0,772","4,900","-0,761","4,900","-0,834","4,900","-0,829","4,900","-0,900","4,900","-0,866","4,900","-0,979","4,900","-1,002","4,900","-1,097","4,900","-1,116","4,900","-1,208","4,900","-1,192","4,900","-1,354","4,900","-1,313","4,900","-1,431","4,900","-1,443","4,900","-1,488","4,900","-1,524","4,900","-1,602","4,900","-1,590","4,900","0,048"
"4,950","-0,002","4,950","-0,070","4,950","-0,063","4,950","-0,125","4,950","-0,125","4,950","-0,202","4,950","-0,214","4,950","-0,279","4,950","-0,282","4,950","-0,370","4,950","-0,366","4,950","-0,448","4,950","-0,431","4,950","-0,507","4,950","-0,511","4,950","-0,600","4,950","-0,588","4,950","-0,648","4,950","-0,679","4,950","-0,709","4,950","-0,711","4,950","-0,763","4,950","-0,774","4,950","-0,834","4,950","-0,832","4,950","-0,907","4,950","-0,902","4,950","-0,977","4,950","-1,004","4,950","-1,097","4,950","-1,122","4,950","-1,217","4,950","-1,190","4,950","-1,367","4,950","-1,345","4,950","-1,433","4,950","-1,442","4,950","-1,492","4,950","-1,524","4,950","-1,606","4,950","-1,576","4,950","0,055"
"5,000","-0,005","5,000","-0,061","5,000","-0,059","5,000","-0,120","5,000","-0,127","5,000","-0,211","5,000","-0,204","5,000","-0,291","5,000","-0,291","5,000","-0,363","5,000","-0,363","5,000","-0,438","5,000","-0,432","5,000","-0,514","5,000","-0,507","5,000","-0,606","5,000","-0,586","5,000","-0,654","5,000","-0,681","5,000","-0,713","5,000","-0,715","5,000","-0,763","5,000","-0,765","5,000","-0,849","5,000","-0,836","5,000","-0,920","5,000","-0,927","5,000","-0,972","5,000","-0,997","5,000","-1,106","5,000","-1,124","5,000","-1,213","5,000","-1,183","5,000","-1,359","5,000","-1,318","5,000","-1,438","5,000","-1,445","5,000","-1,495","5,000","-1,536","5,000","-1,610","5,000","-1,579","5,000","0,046"
